3, Stress Test Message
3, Stress Test Message
3, Stress Test Message
3, Stress Test Message
3, Stress Test Message
3, Stress Test Message
3, Stress Test Message
3, Stress Test Message
3, Stress Test Message
3, Stress Test Message
3, Stress Test Message
3, Stress Test Message
3, Stress Test Message
3, Stress Test Message
3, Stress Test Message
3, Stress Test Message
3, Stress Test Message
3, Stress Test Message
3, Stress Test Message
3, Stress Test Message
3, Stress Test Message
3, Stress Test Message
3, Stress Test Message
3, Stress Test Message
